{"info":{"_postman_id":"38311a6f-bf3d-46cc-a77c-0935aaf467aa","name":"Http","schema":"https://schema.getpostman.com/json/collection/v2.1.0/collection.json"},"item":[{"name":"V1","item":[{"name":"Delay","item":[{"name":"User","item":[{"name":"store","id":"b11a4b58-a075-40ed-b76f-0f7834ed3813","protocolProfileBehavior":{"disableBodyPruning":true},"request":{"method":"POST","header":[{"key":"Accept","value":"application/json","type":"text"},{"key":"Accept-Language","value":"fa","type":"text"},{"key":"Authorization","value":"fake jwt","type":"text"}],"body":{"mode":"formdata","formdata":[{"key":"vendor_id","value":"1","type":"text"},{"key":"order_id","value":"1","type":"text"},{"key":"user_id","value":"1","type":"text"}]},"url":{"raw":"{{host}}/api/v1/user/delay","host":["{{host}}"],"path":["api","v1","user","delay"]}},"response":[{"id":"1724419a-b670-4ad3-b2eb-faa71ee55b77","name":"success","originalRequest":{"method":"POST","header":[{"key":"Accept","value":"application/json","type":"text"},{"key":"Accept-Language","value":"fa","type":"text"},{"key":"Authorization","value":"fake jwt","type":"text"}],"body":{"mode":"formdata","formdata":[{"key":"vendor_id","value":"1","type":"text"},{"key":"order_id","value":"1","type":"text"},{"key":"user_id","value":"1","type":"text"}]},"url":{"raw":"{{host}}/api/v1/user/delay","host":["{{host}}"],"path":["api","v1","user","delay"]}},"status":"Created","code":201,"_postman_previewlanguage":"json","header":[{"key":"Date","value":"Mon, 17 Apr 2023 12:26:50 GMT"},{"key":"Server","value":"Apache/2.4.52 (Win64) OpenSSL/1.1.1m PHP/8.1.2"},{"key":"Vary","value":"Authorization"},{"key":"X-Powered-By","value":"PHP/8.1.2"},{"key":"Cache-Control","value":"no-cache, private"},{"key":"X-RateLimit-Limit","value":"30"},{"key":"X-RateLimit-Remaining","value":"29"},{"key":"Keep-Alive","value":"timeout=5, max=100"},{"key":"Connection","value":"Keep-Alive"},{"key":"Transfer-Encoding","value":"chunked"},{"key":"Content-Type","value":"application/json"}],"cookie":[],"responseTime":null,"body":"{\n    \"error\": false,\n    \"status\": 201,\n    \"message\": \"درخواست شما در صف پردازش قرار گرفت.\",\n    \"data\": {\n        \"channel\": \"856d23a1-889a-4620-94bf-b3c86adef7e1\"\n    }\n}"},{"id":"4d9b5541-dbbd-4e08-a8eb-bb5663036bf2","name":"error","originalRequest":{"method":"POST","header":[{"key":"Accept","value":"application/json","type":"text"},{"key":"Accept-Language","value":"fa","type":"text"},{"key":"Authorization","value":"fake jwt","type":"text"}],"body":{"mode":"formdata","formdata":[{"key":"vendor_id","value":"1","type":"text"},{"key":"order_id","value":"1","type":"text"},{"key":"user_id","value":"1","type":"text"}]},"url":{"raw":"{{host}}/api/v1/user/delay","host":["{{host}}"],"path":["api","v1","user","delay"]}},"status":"Bad Request","code":400,"_postman_previewlanguage":"json","header":[{"key":"Date","value":"Mon, 17 Apr 2023 12:58:56 GMT"},{"key":"Server","value":"Apache/2.4.52 (Win64) OpenSSL/1.1.1m PHP/8.1.2"},{"key":"Vary","value":"Authorization"},{"key":"X-Powered-By","value":"PHP/8.1.2"},{"key":"Cache-Control","value":"no-cache, private"},{"key":"X-RateLimit-Limit","value":"30"},{"key":"X-RateLimit-Remaining","value":"28"},{"key":"Connection","value":"close"},{"key":"Transfer-Encoding","value":"chunked"},{"key":"Content-Type","value":"application/json"}],"cookie":[],"responseTime":null,"body":"{\n    \"error\": true,\n    \"status\": 400,\n    \"message\": \"شمار درخواست باز دارید.\",\n    \"errors\": []\n}"}]}],"id":"47f48d8f-9843-4153-9f79-ba1780d88865"},{"name":"Admin","item":[{"name":"assign","id":"4ef21e80-e603-4600-8de5-3b9db7da8363","protocolProfileBehavior":{"disableBodyPruning":true},"request":{"method":"POST","header":[{"key":"Accept","value":"application/json","type":"text"},{"key":"Accept-Language","value":"fa","type":"text"},{"key":"Authorization","value":"fake jwt","type":"text"}],"body":{"mode":"formdata","formdata":[{"key":"user_id","value":"1","type":"text"}]},"url":{"raw":"{{host}}/api/v1/admin/delay/assign","host":["{{host}}"],"path":["api","v1","admin","delay","assign"]}},"response":[{"id":"195f2fc4-13e7-417f-b16b-90bb24607abf","name":"error","originalRequest":{"method":"POST","header":[{"key":"Accept","value":"application/json","type":"text"},{"key":"Accept-Language","value":"fa","type":"text"},{"key":"Authorization","value":"fake jwt","type":"text"}],"body":{"mode":"formdata","formdata":[{"key":"user_id","value":"1","type":"text"}]},"url":{"raw":"{{host}}/api/v1/admin/delay/assign","host":["{{host}}"],"path":["api","v1","admin","delay","assign"]}},"status":"Forbidden","code":403,"_postman_previewlanguage":"json","header":[{"key":"Date","value":"Mon, 17 Apr 2023 13:32:59 GMT"},{"key":"Server","value":"Apache/2.4.52 (Win64) OpenSSL/1.1.1m PHP/8.1.2"},{"key":"Vary","value":"Authorization"},{"key":"X-Powered-By","value":"PHP/8.1.2"},{"key":"Cache-Control","value":"no-cache, private"},{"key":"X-RateLimit-Limit","value":"20"},{"key":"X-RateLimit-Remaining","value":"19"},{"key":"Keep-Alive","value":"timeout=5, max=100"},{"key":"Connection","value":"Keep-Alive"},{"key":"Transfer-Encoding","value":"chunked"},{"key":"Content-Type","value":"application/json"}],"cookie":[],"responseTime":null,"body":"{\n    \"error\": true,\n    \"status\": 403,\n    \"message\": \"سفارشی که در پیلود ارسال شده هنوز بررسی نشده.\",\n    \"errors\": {\n        \"vendor_id\": 1,\n        \"order_id\": 1,\n        \"user_id\": 1,\n        \"carrier_user_id\": null,\n        \"created_at\": \"2023-04-17T16:56:51+04:30\"\n    }\n}"}]},{"name":"report","id":"dea883c2-f6a7-49f2-b303-6d9f952aa86f","protocolProfileBehavior":{"disableBodyPruning":true},"request":{"method":"GET","header":[{"key":"Accept","value":"application/json","type":"text"},{"key":"Accept-Language","value":"fa","type":"text"},{"key":"Authorization","value":"fake jwt","type":"text"}],"url":{"raw":"{{host}}/api/v1/admin/delay/report","host":["{{host}}"],"path":["api","v1","admin","delay","report"]}},"response":[{"id":"0ee2d1e2-c3d4-496b-9f1c-f5b5315faad9","name":"success","originalRequest":{"method":"GET","header":[{"key":"Accept","value":"application/json","type":"text"},{"key":"Accept-Language","value":"fa","type":"text"},{"key":"Authorization","value":"fake jwt","type":"text"}],"url":{"raw":"{{host}}/api/v1/admin/delay/report","host":["{{host}}"],"path":["api","v1","admin","delay","report"]}},"status":"OK","code":200,"_postman_previewlanguage":"json","header":[{"key":"Date","value":"Mon, 17 Apr 2023 14:31:51 GMT"},{"key":"Server","value":"Apache/2.4.52 (Win64) OpenSSL/1.1.1m PHP/8.1.2"},{"key":"Vary","value":"Authorization"},{"key":"X-Powered-By","value":"PHP/8.1.2"},{"key":"Cache-Control","value":"no-cache, private"},{"key":"X-RateLimit-Limit","value":"20"},{"key":"X-RateLimit-Remaining","value":"17"},{"key":"Keep-Alive","value":"timeout=5, max=100"},{"key":"Connection","value":"Keep-Alive"},{"key":"Transfer-Encoding","value":"chunked"},{"key":"Content-Type","value":"application/json"}],"cookie":[],"responseTime":null,"body":"{\n    \"error\": false,\n    \"status\": 200,\n    \"message\": \"عملیات با موفقیت انجام شد.\",\n    \"data\": {\n        \"paginate\": {\n            \"currentPage\": 1,\n            \"lastPage\": 1,\n            \"total\": 1\n        },\n        \"data\": [\n            {\n                \"vendor_id\": 1,\n                \"extend_times\": \"10\"\n            }\n        ]\n    },\n    \"meta\": {\n        \"state\": [\n            {\n                \"name\": \"RECEIVE_ORDER_QUEUE\",\n                \"value\": 0,\n                \"translate\": \"enum.RECEIVE_ORDER_QUEUE\"\n            },\n            {\n                \"name\": \"AGENT_CHECK_QUEUE\",\n                \"value\": 1,\n                \"translate\": \"enum.AGENT_CHECK_QUEUE\"\n            },\n            {\n                \"name\": \"CHECKING_AGENT\",\n                \"value\": 2,\n                \"translate\": \"enum.CHECKING_AGENT\"\n            },\n            {\n                \"name\": \"AGENT_CHECKED\",\n                \"value\": 3,\n                \"translate\": \"enum.AGENT_CHECKED\"\n            },\n            {\n                \"name\": \"JUNK_REQUEST\",\n                \"value\": 4,\n                \"translate\": \"enum.JUNK_REQUEST\"\n            },\n            {\n                \"name\": \"ESTIMATED\",\n                \"value\": 5,\n                \"translate\": \"enum.ESTIMATED\"\n            },\n            {\n                \"name\": \"RECEIVE_TRIP_QUEUE\",\n                \"value\": 6,\n                \"translate\": \"enum.RECEIVE_TRIP_QUEUE\"\n            }\n        ],\n        \"sort_by\": [\n            \"1\"\n        ],\n        \"sort_type\": [\n            \"asc\",\n            \"desc\"\n        ]\n    }\n}"}]}],"id":"35b02088-7808-4dff-b814-88a84ebd22a7"}],"id":"d732352b-081f-42bb-b5fa-7a5e243c383d"}],"id":"63ed5c7b-766a-459f-aa3a-10ca0f87bd10"}]}